id,first_name,last_name,email,gender
1,Lesly,Caneo,lcaneo0@java.com,Female
2,Tann,Wife,twife1@wired.com,Male
3,Faina,Karsh,fkarsh2@fda.gov,Bigender
4,Micky,Hayhoe,mhayhoe3@amazon.de,Male
5,Thekla,Pereira,tpereira4@cam.ac.uk,Female
6,Hillery,Yurukhin,hyurukhin5@feedburner.com,Male
7,Lyndell,Korejs,lkorejs6@ning.com,Female
8,Willyt,Jeannon,wjeannon7@google.ru,Female
9,Patricio,Noton,pnoton8@opera.com,Male
10,Enrico,Brugden,ebrugden9@patch.com,Male
11,Hallsy,Servant,hservanta@pen.io,Male
12,Randolph,Coxall,rcoxallb@hatena.ne.jp,Male
13,Herschel,Pound,hpoundc@nhs.uk,Male
14,Rouvin,Mattis,rmattisd@foxnews.com,Male
15,Chrisy,Donegan,cdonegane@google.pl,Bigender
16,Tildi,McQuillin,tmcquillinf@simplemachines.org,Female
17,Davine,Ploughwright,dploughwrightg@sciencedirect.com,Female
18,Allie,Haime,ahaimeh@shinystat.com,Female
19,Giffard,Gilley,ggilleyi@paginegialle.it,Male
20,Trudy,Josofovitz,tjosofovitzj@ed.gov,Female